{"cameraMode":{"drawMode":0,"name":"Shaded","section":"Shading Mode"},"sceneLighting":false,"audioPlay":false,"sceneViewState":{"m_AlwaysRefresh":true,"showFog":true,"showSkybox":false,"showFlares":true,"showImageEffects":true,"showParticleSystems":true,"showVisualEffectGraphs":true,"m_FxEnabled":true},"in2DMode":false,"pivot":{"x":0.16552114486694337,"y":0.4419233202934265,"z":-0.7600464820861816},"rotation":{"x":0.02334253303706646,"y":0.9700655341148377,"z":-0.10370450466871262,"w":0.21835000813007356},"size":1.925689697265625,"orthographic":false}