{"cameraMode":{"drawMode":0,"name":"Shaded","section":"Shading Mode"},"sceneLighting":false,"audioPlay":false,"sceneViewState":{"m_AlwaysRefresh":true,"showFog":true,"showSkybox":false,"showFlares":true,"showImageEffects":true,"showParticleSystems":true,"showVisualEffectGraphs":true,"m_FxEnabled":true},"in2DMode":false,"pivot":{"x":0.6311076879501343,"y":0.6618034839630127,"z":2.362683057785034},"rotation":{"x":0.5718542337417603,"y":-0.021407505497336389,"z":0.014929705299437046,"w":0.8199436664581299},"size":0.4321521520614624,"orthographic":false}