{"cameraMode":{"drawMode":0,"name":"Shaded","section":"Shading Mode"},"sceneLighting":false,"audioPlay":false,"sceneViewState":{"m_AlwaysRefresh":true,"showFog":true,"showSkybox":false,"showFlares":true,"showImageEffects":true,"showParticleSystems":true,"showVisualEffectGraphs":true,"m_FxEnabled":true},"in2DMode":false,"pivot":{"x":0.5583493709564209,"y":-0.10882943868637085,"z":-0.5889464020729065},"rotation":{"x":0.15624991059303285,"y":0.4924684166908264,"z":-0.09037771821022034,"w":0.8514077067375183},"size":0.8309937119483948,"orthographic":false}