{"cameraMode":{"drawMode":0,"name":"Shaded","section":"Shading Mode"},"sceneLighting":false,"audioPlay":false,"sceneViewState":{"m_AlwaysRefresh":true,"showFog":true,"showSkybox":false,"showFlares":true,"showImageEffects":true,"showParticleSystems":true,"showVisualEffectGraphs":true,"m_FxEnabled":true},"in2DMode":false,"pivot":{"x":-0.018473707139492036,"y":1.5199999809265137,"z":0.017980270087718965},"rotation":{"x":-0.42080923914909365,"y":0.3446792662143707,"z":-0.17682330310344697,"w":-0.8202781677246094},"size":0.11375053226947785,"orthographic":false}