{"cameraMode":{"drawMode":0,"name":"Shaded","section":"Shading Mode"},"sceneLighting":false,"audioPlay":false,"sceneViewState":{"m_AlwaysRefresh":true,"showFog":true,"showSkybox":false,"showFlares":true,"showImageEffects":true,"showParticleSystems":true,"showVisualEffectGraphs":true,"m_FxEnabled":true},"in2DMode":false,"pivot":{"x":1.461328148841858,"y":-0.11330389976501465,"z":1.6450703144073487},"rotation":{"x":0.09781944006681442,"y":0.5723222494125366,"z":-0.0690101832151413,"w":0.8112457394599915},"size":1.1309938430786133,"orthographic":false}